Model,MAE,RMSE,MAPE,R2_Score
Linear Regression,2.4649129472910865,2.8655043105390816,9.52254164410778,0.9679686786523936
Random Forest,2.5196984125752415,2.956841968509127,9.774332808016275,0.9658941443280333
XGBoost,2.5692651518583296,3.0395198526940512,9.969010884419312,0.9639601735546924
Decision Tree,2.7598099607661624,3.3332166710800966,10.474062138505726,0.9566589116504475
